{"utterances-index": {"score": "<class 'int'>", "top_level_comment": "<class 'str'>", "retrieved_on": "<class 'int'>", "gilded": "<class 'int'>", "gildings": "<class 'dict'>", "subreddit": "<class 'str'>", "stickied": "<class 'bool'>", "permalink": "<class 'str'>", "author_flair_text": "<class 'str'>"}, "users-index": {"num_posts": "<class 'int'>", "num_comments": "<class 'int'>"}, "conversations-index": {"title": "<class 'str'>", "num_comments": "<class 'int'>", "domain": "<class 'str'>", "timestamp": "<class 'int'>", "subreddit": "<class 'str'>", "gilded": "<class 'int'>", "gildings": "<class 'dict'>", "stickied": "<class 'bool'>", "author_flair_text": "<class 'str'>"}, "overall-index": {"subreddit": "<class 'str'>", "num_posts": "<class 'int'>", "num_comments": "<class 'int'>", "num_users": "<class 'int'>"}, "version": 0}